Workbook

Sheet Backlink Report
A1: Backlink Quality Report
A2: Review of anchor text, rel attribute and value for each published article link
A4: Total Links | C4: Valuable Links | D4: Nofollow Links | F4: Articles
A5: =COUNTA(B9:B18) -> 10 | C5: =COUNTIF(F9:F18,"Yes") -> 10 | D5: =COUNTIF(E9:E18,"No follow") -> 10 | F5: =SUMPRODUCT(1/COUNTIF(H9:H18,H9:H18)) -> 5
A6: Colour key: | C6: Green = valuable / dofollow | D6: Amber = nofollow | F6: Red = not valuable
A8: # | B8: Anchor Text | C8: Article Title | D8: Anchor Type | E8: Rel Attribute | F8: Valuable? | G8: Reason | H8: Article URL
A9: 1 | B9: Bridging Online and Offline: The Omnichannel Approach | C9: Accelerating Omnichannel Growth with Digital Marketing Strategies | D9: Branded | E9: No follow | F9: Yes | G9: Relevant branded link to the website, so it can provide referral traffic and brand visibility; its SEO value depends on the rel attribute. | H9: https://medium.com/daiom/accelerating-omnichannel-growth-with-digital-marketing-strategies-75bf0b7fdf94
A10: 2 | B10: Driving Business Impact through Social Media Marketing. | C10: Accelerating Omnichannel Growth with Digital Marketing Strategies | D10: Branded | E10: No follow | F10: Yes | G10: The link is relevant to the article's topic and can provide referral traffic and brand visibility, although its direct SEO value depends on the link's rel attribute. | H10: https://medium.com/daiom/accelerating-omnichannel-growth-with-digital-marketing-strategies-75bf0b7fdf94
A11: 3 | B11: doTerraHD Clear Essential Oil Topical Blend | C11: One of The Best Skincare Products I own | D11: Amazon | E11: No follow | F11: Yes | G11: The link is highly relevant to the skincare/product topic and can provide referral traffic and product visibility. | H11: https://medium.com/tiara-cake/one-of-the-best-working-skincare-care-products-i-own-7e6849682ae0
A12: 4 | B12: doTerra Essential Oils | C12: One of The Best Skincare Products I own | D12: doTERRA | E12: No follow | F12: Yes | G12: The anchor text is descriptive and directly relevant to the product being discussed, providing useful contextual relevance and referral traffic | H12: https://medium.com/tiara-cake/one-of-the-best-working-skincare-care-products-i-own-7e6849682ae0
A13: 5 | B13: bitcoin quotes by famous people | C13: 50+ NFT Quotes That Will Motivate You Toward NFT’S — Quote Poetry | D13: Quote Poetry | E13: No follow | F13: Yes | G13: The link is contextually relevant to cryptocurrency content and can provide topical relevance and referral traffic. | H13: https://medium.com/@quoting/50-nft-quotes-that-will-motivate-you-toward-nfts-quote-poetry-8e146a2a6e90
A14: 6 | B14: NFT | C14: 50+ NFT Quotes That Will Motivate You Toward NFT’S — Quote Poetry | D14: Quote Poetry | E14: No follow | F14: Yes | G14: The anchor is directly relevant to the article's NFT topic and can provide contextual relevance and referral traffic. | H14: https://medium.com/@quoting/50-nft-quotes-that-will-motivate-you-toward-nfts-quote-poetry-8e146a2a6e90
A15: 7 | B15: online Indian magazine | C15: Finding the Top Indian News Portals Australia | D15: Indus age | E15: No follow | F15: Yes | G15: The anchor is relevant to Indian online media and can provide contextual relevance and referral traffic. | H15: https://medium.com/@indusage/finding-the-top-indian-news-portals-australia-e18249089081
A16: 8 | B16: top Indian news portals in Australia | C16: Finding the Top Indian News Portals Australia | D16: Indus age | E16: No follow | F16: Yes | G16: The anchor closely matches the article topic and provides strong contextual relevance for the destination page. | H16: https://medium.com/@indusage/finding-the-top-indian-news-portals-australia-e18249089081
A17: 9 | B17: AI Smart Tools | C17: Best AI Tools for Content Creation in 2026: Write, Design & Work Smarter | D17: AI Smart Tools | E17: No follow | F17: Yes | G17: The link is highly relevant to the article's AI-tools topic and can provide contextual relevance and referral traffic. | H17: https://medium.com/@linajulie/best-ai-tools-for-content-creation-in-2026-write-design-work-smarter-173c82166fa8
A18: 10 | B18: AI Smart Chat | C18: Best AI Tools for Content Creation in 2026: Write, Design & Work Smarter | D18: SmartChat AI | E18: No follow | F18: Yes | G18: The link is directly relevant to AI productivity and content creation, providing contextual relevance and potential referral traffic | H18: https://medium.com/@linajulie/best-ai-tools-for-content-creation-in-2026-write-design-work-smarter-173c82166fa8

Sheet Summary
A1: Links by Article
A3: Article | B3: Links | C3: Valuable | D3: Nofollow | E3: Valuable %
A4: Accelerating Omnichannel Growth with Digital Marketing Strategies | B4: =COUNTIF('Backlink Report'!$H$9:$H$18,"https://medium.com/daiom/accelerating-omnichannel-growth-with-digital-marketing-strategies-75bf0b7fdf94") -> 2 | C4: =COUNTIFS('Backlink Report'!$H$9:$H$18,"https://medium.com/daiom/accelerating-omnichannel-growth-with-digital-marketing-strategies-75bf0b7fdf94",'Backlink Report'!$F$9:$F$18,"Yes") -> 2 | D4: =COUNTIFS('Backlink Report'!$H$9:$H$18,"https://medium.com/daiom/accelerating-omnichannel-growth-with-digital-marketing-strategies-75bf0b7fdf94",'Backlink Report'!$E$9:$E$18,"No follow") -> 2 | E4: =IF(B4=0,0,C4/B4) -> 1
A5: One of The Best Skincare Products I own | B5: =COUNTIF('Backlink Report'!$H$9:$H$18,"https://medium.com/tiara-cake/one-of-the-best-working-skincare-care-products-i-own-7e6849682ae0") -> 2 | C5: =COUNTIFS('Backlink Report'!$H$9:$H$18,"https://medium.com/tiara-cake/one-of-the-best-working-skincare-care-products-i-own-7e6849682ae0",'Backlink Report'!$F$9:$F$18,"Yes") -> 2 | D5: =COUNTIFS('Backlink Report'!$H$9:$H$18,"https://medium.com/tiara-cake/one-of-the-best-working-skincare-care-products-i-own-7e6849682ae0",'Backlink Report'!$E$9:$E$18,"No follow") -> 2 | E5: =IF(B5=0,0,C5/B5) -> 1
A6: 50+ NFT Quotes That Will Motivate You Toward NFT’S — Quote Poetry | B6: =COUNTIF('Backlink Report'!$H$9:$H$18,"https://medium.com/@quoting/50-nft-quotes-that-will-motivate-you-toward-nfts-quote-poetry-8e146a2a6e90") -> 2 | C6: =COUNTIFS('Backlink Report'!$H$9:$H$18,"https://medium.com/@quoting/50-nft-quotes-that-will-motivate-you-toward-nfts-quote-poetry-8e146a2a6e90",'Backlink Report'!$F$9:$F$18,"Yes") -> 2 | D6: =COUNTIFS('Backlink Report'!$H$9:$H$18,"https://medium.com/@quoting/50-nft-quotes-that-will-motivate-you-toward-nfts-quote-poetry-8e146a2a6e90",'Backlink Report'!$E$9:$E$18,"No follow") -> 2 | E6: =IF(B6=0,0,C6/B6) -> 1
A7: Finding the Top Indian News Portals Australia | B7: =COUNTIF('Backlink Report'!$H$9:$H$18,"https://medium.com/@indusage/finding-the-top-indian-news-portals-australia-e18249089081") -> 2 | C7: =COUNTIFS('Backlink Report'!$H$9:$H$18,"https://medium.com/@indusage/finding-the-top-indian-news-portals-australia-e18249089081",'Backlink Report'!$F$9:$F$18,"Yes") -> 2 | D7: =COUNTIFS('Backlink Report'!$H$9:$H$18,"https://medium.com/@indusage/finding-the-top-indian-news-portals-australia-e18249089081",'Backlink Report'!$E$9:$E$18,"No follow") -> 2 | E7: =IF(B7=0,0,C7/B7) -> 1
A8: Best AI Tools for Content Creation in 2026: Write, Design & Work Smarter | B8: =COUNTIF('Backlink Report'!$H$9:$H$18,"https://medium.com/@linajulie/best-ai-tools-for-content-creation-in-2026-write-design-work-smarter-173c82166fa8") -> 2 | C8: =COUNTIFS('Backlink Report'!$H$9:$H$18,"https://medium.com/@linajulie/best-ai-tools-for-content-creation-in-2026-write-design-work-smarter-173c82166fa8",'Backlink Report'!$F$9:$F$18,"Yes") -> 2 | D8: =COUNTIFS('Backlink Report'!$H$9:$H$18,"https://medium.com/@linajulie/best-ai-tools-for-content-creation-in-2026-write-design-work-smarter-173c82166fa8",'Backlink Report'!$E$9:$E$18,"No follow") -> 2 | E8: =IF(B8=0,0,C8/B8) -> 1
A9: Total | B9: =SUM(B4:B8) -> 10 | C9: =SUM(C4:C8) -> 10 | D9: =SUM(D4:D8) -> 10 | E9: =IF(B9=0,0,C9/B9) -> 1
