Workbook

Sheet Backlink Gap Report
A1: Competitor Backlink Gap Report
A2: Backlink opportunities competitors have earned that we do not currently have
A4: Total Opportunities | C4: Winnable (Yes) | D4: Average DR | F4: Competitors Analysed | H4: High-DR (70+)
A5: =COUNTA(C9:C37) -> 29 | C5: =COUNTIF(F9:F37,"Yes") -> 29 | D5: =AVERAGE(D9:D37) -> 63.448276 | F5: =SUMPRODUCT(1/COUNTIF(B9:B37,B9:B37)) -> 3 | H5: =COUNTIF(D9:D37,">=70") -> 13
A6: Colour key: | C6: Green = we can get it | E6: Red = not winnable | G6: DR shaded red (low) to green (high)
A8: # | B8: Competitor | C8: Linking Domain | D8: DR | E8: Link Type | F8: Can We Get It? | G8: Notes | H8: Evidence URL
A9: 1 | B9: Competitor A | C9: http://nytimes.com/ | D9: 74 | E9: Guest Post | F9: Yes | G9: Competitor ka educational article published hai | H9: https://onlinelearningconsortium.org/
A10: 2 | B10: Competitor A | C10: yahoo.com | D10: 94 | E10: Guest Post | F10: Yes | G10: Competitor ka educational article published hai | H10: —
A11: 3 | B11: Competitor A | C11: https://www.slideshare.net/ | D11: 92 | E11: News | F11: Yes | G11: Competitor ka course-related announcement covered hai | H11: —
A12: 4 | B12: Competitor A | C12: https://www.usnews.com/ | D12: 91 | E12: News | F12: Yes | G12: Competitor ka education-related announcement | H12: —
A13: 5 | B13: Competitor A | C13: https://www.cornell.edu/ | D13: 92 | E13: Directory Listing | F13: Yes | G13: Education websites/providers listed | H13: —
A14: 6 | B14: Competitor A | C14: https://substack.com/ | D14: 94 | E14: Guest Post | F14: Yes | G14: Competitor ka educational article published hai | H14: —
A15: 7 | B15: Competitor A | C15: https://www.coursera.org/ | D15: 91 | E15: Product Review | F15: Yes | G15: Competitor's education offering reviewed | H15: —
A16: 8 | B16: Competitor A | C16: https://www.stanford.edu/ | D16: 92 | E16: Directory Listing | F16: Yes | G16: Education websites/providers listed | H16: —
A17: 9 | B17: Competitor A | C17: https://libretexts.org/ | D17: 82 | E17: Product Review | F17: Yes | G17: College resources section mein link mila | H17: —
A18: 10 | B18: Competitor B | C18: https://ztec100.com | D18: 62 | E18: Guest Post | F18: Yes | G18: Competitor ka educational article published hai | H18: https://www.mygreatlearning.com/academy
A19: 11 | B19: Competitor B | C19: https://ya.ru | D19: 89 | E19: Guest Post | F19: Yes | G19: Career-related contributor content | H19: —
A20: 12 | B20: Competitor B | C20: https://receivinghelpdesk.com | D20: 71 | E20: Guest Post | F20: Yes | G20: Competitor ka educational blog published hai | H20: —
... A37: 29 | B37: Competitor C | C37: https://giotyo.com | D37: 35 | E37: News | F37: Yes | G37: Competitor mentioned in career news | H37: —
A39: Notes: competitor names and domains had stray tabs/spaces removed. yahoo.com had no scheme in the original, so its link now points to http://yahoo.com/. Rows without an Evidence URL show "—".

Sheet Summary
A1: Opportunities by Competitor
A3: Competitor | B3: Total Links | C3: Winnable | D3: Avg DR | E3: High-DR (70+) | F3: Win %
A4: Competitor A | B4: =COUNTIF('Backlink Gap Report'!$B$9:$B$37,A4) -> 9 | C4: =COUNTIFS('Backlink Gap Report'!$B$9:$B$37,A4,'Backlink Gap Report'!$F$9:$F$37,"Yes") -> 9 | D4: =AVERAGEIF('Backlink Gap Report'!$B$9:$B$37,A4,'Backlink Gap Report'!$D$9:$D$37) -> 89.111111 | E4: =COUNTIFS('Backlink Gap Report'!$B$9:$B$37,A4,'Backlink Gap Report'!$D$9:$D$37,">=70") -> 9 | F4: =IF(B4=0,0,C4/B4) -> 1
A5: Competitor B | B5: =COUNTIF('Backlink Gap Report'!$B$9:$B$37,A5) -> 10 | C5: =COUNTIFS('Backlink Gap Report'!$B$9:$B$37,A5,'Backlink Gap Report'!$F$9:$F$37,"Yes") -> 10 | D5: =AVERAGEIF('Backlink Gap Report'!$B$9:$B$37,A5,'Backlink Gap Report'!$D$9:$D$37) -> 61.6 | E5: =COUNTIFS('Backlink Gap Report'!$B$9:$B$37,A5,'Backlink Gap Report'!$D$9:$D$37,">=70") -> 4 | F5: =IF(B5=0,0,C5/B5) -> 1
A6: Competitor C | B6: =COUNTIF('Backlink Gap Report'!$B$9:$B$37,A6) -> 10 | C6: =COUNTIFS('Backlink Gap Report'!$B$9:$B$37,A6,'Backlink Gap Report'!$F$9:$F$37,"Yes") -> 10 | D6: =AVERAGEIF('Backlink Gap Report'!$B$9:$B$37,A6,'Backlink Gap Report'!$D$9:$D$37) -> 42.2 | E6: =COUNTIFS('Backlink Gap Report'!$B$9:$B$37,A6,'Backlink Gap Report'!$D$9:$D$37,">=70") -> 0 | F6: =IF(B6=0,0,C6/B6) -> 1
A7: Total | B7: =SUM(B4:B6) -> 29 | C7: =SUM(C4:C6) -> 29 | D7: =AVERAGE('Backlink Gap Report'!D9:D37) -> 63.448276 | E7: =SUM(E4:E6) -> 13 | F7: =IF(B7=0,0,C7/B7) -> 1
A29: Link Type | B29: Count
A30: Guest Post | B30: 12
A31: News | B31: 8
A32: Directory Listing | B32: 5
A33: Product Review | B33: 3
A34: Resource Page | B34: 1
