Workbook

Sheet Link Quality Report
A1: Guest Post Link Quality Review
A2: Websites judged on domain rating (DR), organic traffic, topical relevance and spam signals
A4: Websites Reviewed | C4: Accepted | D4: Rejected | F4: Average DR | H4: Acceptance Rate
A5: =COUNTA(C9:C30) -> 22 | C5: =COUNTIF(H9:H30,"Accept") -> 18 | D5: =COUNTIF(H9:H30,"Reject") -> 4 | F5: =AVERAGE(D9:D30) -> 79.409091 | H5: =IF(A5=0,0,C5/A5) -> 0.81818182
A6: Colour key: | C6: Green = accepted / high value | D6: Red = rejected / low value | G6: Orange = duplicate site
A8: # | B8: Category | C8: Website | D8: DR | E8: Organic Traffic | F8: Relevance (1-5) | G8: Spam Signals | H8: Decision | I8: Reason
A9: 1 | B9: Blogging Websites | C9: https://www.jeffbullas.com/ | D9: 79 | E9: 3900 | F9: 5 | G9: 0.01 | H9: Accept | I9: Established digital-marketing publication with strong topical relevance, a substantial backlink profile, and a long publishing history.
A10: 2 | B10: Blogging Websites | C10: https://neilpatel.com/blog/ | D10: 91 | E10: 2500 | F10: 5 | G10: 0.01 | H10: Accept | I10: Extremely strong, established digital-marketing/SEO publication with high authority, broad topical coverage, and active publishing
A11: 3 | B11: Blogging Websites | C11: https://makewebbetter.com/ | D11: 71 | E11: 2000 | F11: 5 | G11: 0.01 | H11: Accept | I11: Relevant digital-marketing/eCommerce/SaaS agency site with established content and strong topical alignment.
A12: 4 | B12: Blogging Websites | C12: https://www.hubspot.com/ | D12: 93 | E12: 2000000 | F12: 5 | G12: 0.01 | H12: Accept | I12: Extremely authoritative marketing/SaaS publication with strong topical relevance, substantial organic visibility, and an established editorial operation
A13: 5 | B13: Blogging Websites | C13: https://blog.hootsuite.com/ | D13: 91 | E13: 374800 | F13: 5 | G13: 0.01 | H13: Accept | I13: Highly authoritative social-media marketing publication with strong SEO/digital-marketing relevance and an established editorial operation.
A14: 6 | B14: Blogging Websites | C14: https://serpapi.com/ | D14: 79 | E14: 95500 | F14: 4 | G14: 0.01 | H14: Accept | I14: No reason provided
A15: 7 | B15: Business Websites | C15: https://clutch.co/write-for-us | D15: 91 | E15: 536600 | F15: 5 | G15: 0.01 | H15: Accept | I15: Highly authoritative B2B platform with an active contributor program and direct acceptance of SEO, PPC, digital marketing, lead generation, AI, branding and design topics.
A16: 8 | B16: Business Websites | C16: https://empireflippers.com/write-for-us/ | D16: 74 | E16: 25600 | F16: 5 | G16: 0.01 | H16: Accept | I16: Established online-business/M&A publication with an active, official guest-post program and strong relevance to entrepreneurship, SEO, content marketing, eCommerce, and online businesses.
A17: 9 | B17: Business Websites | C17: https://addicted2success.com/write-for-us/ | D17: 69 | E17: 16100 | F17: 4 | G17: 0.01 | H17: Accept | I17: Established personal-development and entrepreneurship publication with a live contributor program, but it requires payment for article packages and restricts links to the author bio.
A18: 10 | B18: Business Websites | C18: https://www.allbusiness.com/ | D18: 79 | E18: 18600 | F18: 5 | G18: 0.01 | H18: Accept | I18: Established small-business publication with a legitimate guest-post program, strong domain authority, and excellent relevance for business, marketing, entrepreneurship, SEO and technology.
A19: 11 | B19: Business Websites | C19: https://hbr.org/guidelines-for-authors | D19: 92 | E19: 394800 | F19: 5 | G19: 0.01 | H19: Accept | I19: Exceptional authority and relevance, with an official contributor submission process, but HBR is highly selective and is not a typical guest-post/link-building site.
A20: 12 | B20: Education Websites | C20: https://empowerly.com/guest-post-program/ | D20: 57 | E20: 29500 | F20: 3 | G20: 0.01 | H20: Accept | I20: Legitimate education/college-admissions site with an active, free guest-post program and strong organic visibility, but relevance depends heavily on your topic.
... A30: 22 | B30: Uncategorised | C30: https://issuu.com/home/publisher | D30: 93 | E30: 483500 | F30: 5 | G30: 0.01 | H30: Accept | I30: No reason provided
A32: Notes: organic traffic converted from text (e.g. "3.9K") to numbers so it can be sorted; the duplicated site (bluetuskr.com) appears twice with different traffic figures; "No reason provided" marks rows that had an empty Reason.

Sheet Summary
A1: Results by Category
A3: Category | B3: Sites | C3: Accepted | D3: Rejected | E3: Acceptance % | F3: Avg DR | G3: Avg Relevance
A4: Blogging Websites | B4: =COUNTIF('Link Quality Report'!$B$9:$B$30,A4) -> 6 | C4: =COUNTIFS('Link Quality Report'!$B$9:$B$30,A4,'Link Quality Report'!$H$9:$H$30,"Accept") -> 6 | D4: =COUNTIFS('Link Quality Report'!$B$9:$B$30,A4,'Link Quality Report'!$H$9:$H$30,"Reject") -> 0 | E4: =IF(B4=0,0,C4/B4) -> 1 | F4: =AVERAGEIF('Link Quality Report'!$B$9:$B$30,A4,'Link Quality Report'!$D$9:$D$30) -> 84 | G4: =AVERAGEIF('Link Quality Report'!$B$9:$B$30,A4,'Link Quality Report'!$F$9:$F$30) -> 4.8333333
A5: Business Websites | B5: =COUNTIF('Link Quality Report'!$B$9:$B$30,A5) -> 5 | C5: =COUNTIFS('Link Quality Report'!$B$9:$B$30,A5,'Link Quality Report'!$H$9:$H$30,"Accept") -> 5 | D5: =COUNTIFS('Link Quality Report'!$B$9:$B$30,A5,'Link Quality Report'!$H$9:$H$30,"Reject") -> 0 | E5: =IF(B5=0,0,C5/B5) -> 1 | F5: =AVERAGEIF('Link Quality Report'!$B$9:$B$30,A5,'Link Quality Report'!$D$9:$D$30) -> 81 | G5: =AVERAGEIF('Link Quality Report'!$B$9:$B$30,A5,'Link Quality Report'!$F$9:$F$30) -> 4.8
A6: Education Websites | B6: =COUNTIF('Link Quality Report'!$B$9:$B$30,A6) -> 5 | C6: =COUNTIFS('Link Quality Report'!$B$9:$B$30,A6,'Link Quality Report'!$H$9:$H$30,"Accept") -> 1 | D6: =COUNTIFS('Link Quality Report'!$B$9:$B$30,A6,'Link Quality Report'!$H$9:$H$30,"Reject") -> 4 | E6: =IF(B6=0,0,C6/B6) -> 0.2 | F6: =AVERAGEIF('Link Quality Report'!$B$9:$B$30,A6,'Link Quality Report'!$D$9:$D$30) -> 78 | G6: =AVERAGEIF('Link Quality Report'!$B$9:$B$30,A6,'Link Quality Report'!$F$9:$F$30) -> 2.8
A7: Marketing Websites | B7: =COUNTIF('Link Quality Report'!$B$9:$B$30,A7) -> 5 | C7: =COUNTIFS('Link Quality Report'!$B$9:$B$30,A7,'Link Quality Report'!$H$9:$H$30,"Accept") -> 5 | D7: =COUNTIFS('Link Quality Report'!$B$9:$B$30,A7,'Link Quality Report'!$H$9:$H$30,"Reject") -> 0 | E7: =IF(B7=0,0,C7/B7) -> 1 | F7: =AVERAGEIF('Link Quality Report'!$B$9:$B$30,A7,'Link Quality Report'!$D$9:$D$30) -> 71 | G7: =AVERAGEIF('Link Quality Report'!$B$9:$B$30,A7,'Link Quality Report'!$F$9:$F$30) -> 5
A8: Uncategorised | B8: =COUNTIF('Link Quality Report'!$B$9:$B$30,A8) -> 1 | C8: =COUNTIFS('Link Quality Report'!$B$9:$B$30,A8,'Link Quality Report'!$H$9:$H$30,"Accept") -> 1 | D8: =COUNTIFS('Link Quality Report'!$B$9:$B$30,A8,'Link Quality Report'!$H$9:$H$30,"Reject") -> 0 | E8: =IF(B8=0,0,C8/B8) -> 1 | F8: =AVERAGEIF('Link Quality Report'!$B$9:$B$30,A8,'Link Quality Report'!$D$9:$D$30) -> 93 | G8: =AVERAGEIF('Link Quality Report'!$B$9:$B$30,A8,'Link Quality Report'!$F$9:$F$30) -> 5
A9: Total | B9: =SUM(B4:B8) -> 22 | C9: =SUM(C4:C8) -> 18 | D9: =SUM(D4:D8) -> 4 | E9: =IF(B9=0,0,C9/B9) -> 0.81818182 | F9: =AVERAGE('Link Quality Report'!D9:D30) -> 79.409091 | G9: =AVERAGE('Link Quality Report'!F9:F30) -> 4.4090909
